n,date,dir,entry,sl,tp,stop,out,R,hrs,lotA,riskA,pctA,pnlA,balA,lotB,riskB,pnlB,balB
1,2025-05-08 12:10,LONG,3347.29,3336.64,3368.6,10.66,WIN,1.977,1.4,0.1,107,5.3,211,2211,0.038,41,80,2080
2,2025-05-09 08:15,SHORT,3322.07,3332.02,3302.17,9.95,LOSS,-1.025,3.2,0.1,100,4.5,-102,2109,0.042,42,-43,2037
3,2025-05-09 14:00,SHORT,3324.74,3344.57,3285.09,19.83,LOSS,-1.013,1.6,0.1,198,9.4,-201,1908,0.021,42,-42,1995
4,2025-05-13 08:25,SHORT,3254.08,3264.01,3234.21,9.94,WIN,1.975,5.2,0.1,99,5.2,196,2104,0.04,40,79,2074
5,2025-05-22 11:55,LONG,3314.33,3277.9,3387.18,36.43,LOSS,-1.007,152.9,0.1,364,17.3,-367,1737,0.011,40,-40,2033
6,2025-06-03 12:40,LONG,3361.53,3345.7,3393.19,15.83,LOSS,-1.016,1.1,0.1,158,9.1,-161,1577,0.026,41,-42,1991
7,2025-06-03 15:35,LONG,3350.56,3329.94,3391.8,20.62,WIN,1.988,42.5,0.1,206,13.1,410,1986,0.019,39,78,2069
8,2025-06-10 14:50,SHORT,3327.91,3353.61,3276.51,25.7,LOSS,-1.01,21.7,0.1,257,12.9,-260,1727,0.016,41,-42,2028
9,2025-06-11 13:55,SHORT,3330.02,3367.16,3255.75,37.13,LOSS,-1.007,8.7,0.1,371,21.5,-374,1353,0.011,41,-41,1987
10,2025-06-26 11:30,SHORT,3336.69,3346.17,3317.75,9.47,WIN,1.974,1.6,0.1,95,7.0,187,1540,0.042,40,79,2065
11,2025-06-30 08:35,SHORT,3289.14,3298.95,3269.52,9.81,LOSS,-1.025,9.7,0.1,98,6.4,-101,1439,0.042,41,-42,2023
12,2025-07-14 17:25,LONG,3350.51,3339.57,3372.41,10.95,LOSS,-1.023,20.0,0.1,110,7.6,-112,1327,0.037,41,-41,1981
13,2025-07-16 15:00,LONG,3345.01,3331.56,3371.91,13.45,WIN,1.981,0.5,0.1,134,10.1,266,1594,0.029,39,77,2059
14,2025-07-23 17:50,LONG,3392.03,3378.53,3419.04,13.5,LOSS,-1.019,9.2,0.1,135,8.5,-138,1456,0.031,42,-43,2016
15,2025-07-30 11:05,SHORT,3326.34,3336.26,3306.49,9.93,WIN,1.975,2.3,0.1,99,6.8,196,1652,0.041,41,80,2097
16,2025-08-05 13:30,LONG,3376.03,3347.11,3433.89,28.93,LOSS,-1.009,143.0,0.1,289,17.5,-292,1360,0.014,41,-41,2056
17,2025-08-12 14:10,SHORT,3335.92,3349.48,3308.81,13.56,LOSS,-1.018,1.2,0.1,136,10.0,-138,1222,0.03,41,-41,2014
18,2025-08-13 13:00,SHORT,3355.26,3366.67,3332.45,11.41,LOSS,-1.022,1.0,0.1,114,9.3,-117,1106,0.035,40,-41,1973
19,2025-08-13 17:30,SHORT,3355.23,3372.29,3321.1,17.07,LOSS,-1.015,6.9,0.1,171,15.4,-173,933,0.023,39,-40,1934
20,2025-08-18 08:00,SHORT,3347.46,3352.26,3337.86,4.8,WIN,1.948,5.6,0.1,48,5.1,94,1026,0.081,39,76,2009
21,2025-09-11 10:35,LONG,3622.97,3611.93,3645.04,11.04,WIN,1.977,14.9,0.1,110,10.8,218,1244,0.036,40,79,2088
22,2025-09-17 09:10,LONG,3668.29,3659.96,3684.94,8.32,LOSS,-1.03,1.8,0.1,83,6.7,-86,1159,0.05,42,-43,2045
23,2025-09-17 12:05,LONG,3670.26,3657.94,3694.9,12.32,LOSS,-1.02,5.9,0.1,123,10.6,-126,1033,0.033,41,-41,2004
24,2025-09-25 15:15,LONG,3737.39,3717.14,3777.88,20.24,WIN,1.988,23.0,0.1,202,19.6,402,1435,0.02,40,80,2084
25,2025-10-07 09:10,LONG,3958.71,3937.46,4001.19,21.24,WIN,1.988,17.0,0.1,212,14.8,422,1858,0.02,42,84,2168
26,2025-10-10 14:00,SHORT,3974.09,4005.18,3911.92,31.09,LOSS,-1.008,1.1,0.1,311,16.7,-313,1544,0.014,44,-44,2125
27,2025-10-10 17:05,SHORT,3976.28,4031.21,3866.4,54.94,LOSS,-1.005,53.2,0.1,549,35.6,-552,992,0.008,44,-44,2080
28,2025-10-23 10:25,SHORT,4110.05,4131.19,4067.77,21.14,LOSS,-1.012,2.6,0.1,211,21.3,-214,778,0.02,42,-43,2038
29,2025-10-23 16:15,SHORT,4137.08,4160.27,4090.71,23.19,WIN,1.989,13.8,0.1,232,29.8,461,1239,0.018,42,83,2121
30,2025-10-29 13:10,SHORT,4012.5,4036.1,3965.3,23.6,WIN,1.989,5.4,0.1,236,19.0,469,1709,0.018,42,84,2205
31,2025-11-03 16:15,SHORT,3999.74,4038.95,3921.32,39.21,LOSS,-1.006,153.1,0.1,392,22.9,-394,1314,0.011,43,-43,2162
32,2025-11-11 17:05,LONG,4115.45,4093.65,4159.04,21.79,WIN,1.989,22.1,0.1,218,16.6,433,1748,0.02,44,87,2248
33,2025-11-19 08:05,SHORT,4083.0,4090.59,4067.81,7.59,LOSS,-1.033,1.1,0.1,76,4.3,-78,1669,0.059,45,-46,2202
34,2025-12-02 12:50,LONG,4208.32,4186.46,4252.04,21.86,LOSS,-1.011,2.7,0.1,219,13.1,-221,1448,0.02,44,-44,2158
35,2025-12-09 12:15,SHORT,4199.04,4215.61,4165.9,16.57,LOSS,-1.015,3.7,0.1,166,11.4,-168,1280,0.026,43,-44,2114
36,2025-12-16 12:05,LONG,4285.7,4270.88,4315.35,14.82,WIN,1.983,1.9,0.1,148,11.6,294,1574,0.029,43,85,2200
37,2025-12-18 10:40,LONG,4327.14,4318.14,4345.14,9.0,LOSS,-1.028,1.8,0.1,90,5.7,-93,1481,0.049,44,-45,2154
38,2025-12-18 13:30,LONG,4329.36,4310.1,4367.87,19.26,LOSS,-1.013,1.2,0.1,193,13.0,-195,1286,0.022,42,-43,2111
39,2025-12-18 16:00,LONG,4343.56,4331.63,4367.42,11.93,WIN,1.979,0.2,0.1,119,9.3,236,1522,0.035,42,83,2194
40,2025-12-24 16:55,LONG,4476.8,4443.54,4543.33,33.26,WIN,1.992,46.7,0.1,333,21.8,663,2185,0.013,43,86,2280
41,2025-12-29 08:10,LONG,4483.83,4457.18,4537.13,26.65,LOSS,-1.009,0.7,0.1,266,12.2,-269,1916,0.017,45,-46,2234
42,2026-01-02 13:20,SHORT,4381.43,4407.44,4329.43,26.0,WIN,1.99,2.7,0.1,260,13.6,517,2433,0.017,44,88,2322
43,2026-01-07 16:20,LONG,4458.83,4416.71,4543.07,42.12,LOSS,-1.006,13.3,0.1,421,17.3,-424,2010,0.011,46,-47,2276
44,2026-01-15 09:35,LONG,4609.05,4594.45,4638.24,14.59,LOSS,-1.017,3.9,0.1,146,7.3,-148,1861,0.031,45,-46,2230
45,2026-01-16 14:10,LONG,4607.1,4575.01,4671.29,32.09,LOSS,-1.008,1.2,0.1,321,17.2,-323,1538,0.014,45,-45,2184
46,2026-01-29 17:15,LONG,5337.56,5063.59,5885.52,273.98,LOSS,-1.001,15.3,0.1,2740,178.2,-2743,0,0.002,55,-55,2130
47,2026-02-03 09:25,SHORT,4891.32,4961.92,4750.12,70.6,LOSS,-1.004,6.8,0.1,706,,0,0,0.006,42,-43,2087
48,2026-02-03 17:40,SHORT,4921.66,5013.43,4738.12,91.77,LOSS,-1.003,7.2,0.1,918,,0,0,0.005,46,-46,2041
49,2026-02-24 15:15,LONG,5140.37,5081.12,5258.87,59.25,WIN,1.996,77.1,0.1,593,,0,0,0.007,41,83,2124
50,2026-03-04 12:20,SHORT,5179.35,5212.55,5112.96,33.2,WIN,1.992,6.0,0.1,332,,0,0,0.013,43,86,2210
51,2026-03-06 16:35,SHORT,5130.24,5182.12,5026.48,51.88,WIN,1.995,56.4,0.1,519,,0,0,0.009,47,93,2303
52,2026-03-11 14:00,LONG,5184.86,5139.17,5276.26,45.7,LOSS,-1.005,8.9,0.1,457,,0,0,0.01,46,-46,2257
53,2026-03-16 14:30,SHORT,5010.99,5046.54,4939.89,35.55,WIN,1.993,45.2,0.1,356,,0,0,0.013,46,92,2349
54,2026-04-02 13:45,LONG,4634.15,4563.78,4774.9,70.37,WIN,1.996,128.8,0.1,704,,0,0,0.007,49,98,2447
55,2026-04-10 09:15,LONG,4759.22,4724.09,4829.49,35.14,LOSS,-1.007,60.8,0.1,351,,0,0,0.014,49,-50,2398
56,2026-04-13 15:00,SHORT,4707.67,4753.11,4616.79,45.44,LOSS,-1.006,7.8,0.1,454,,0,0,0.011,50,-50,2348
57,2026-04-30 12:40,SHORT,4625.73,4653.41,4570.37,27.68,WIN,1.991,19.7,0.1,277,,0,0,0.017,47,94,2441
58,2026-05-13 10:05,LONG,4708.46,4680.94,4763.5,27.52,LOSS,-1.009,2.4,0.1,275,,0,0,0.018,50,-50,2391
59,2026-05-14 13:15,SHORT,4693.51,4716.71,4647.12,23.2,WIN,1.989,7.2,0.1,232,,0,0,0.021,49,97,2488
60,2026-06-09 13:50,SHORT,4334.3,4372.14,4258.62,37.84,WIN,1.993,2.3,0.1,378,,0,0,0.013,49,98,2586
61,2026-06-26 12:40,SHORT,4040.15,4060.38,3999.69,20.23,LOSS,-1.012,0.2,0.1,202,,0,0,0.026,53,-53,2533
62,2026-06-30 17:05,SHORT,4022.22,4066.94,3932.76,44.73,LOSS,-1.006,20.5,0.1,447,,0,0,0.011,49,-49,2483
63,2026-07-06 15:25,LONG,4150.47,4122.21,4206.99,28.26,LOSS,-1.009,13.8,0.1,283,,0,0,0.018,51,-51,2432
64,2026-07-07 08:10,LONG,4137.1,4119.76,4171.78,17.34,LOSS,-1.014,1.2,0.1,173,,0,0,0.028,49,-49,2383
65,2026-07-07 11:15,LONG,4140.91,4118.26,4186.22,22.65,LOSS,-1.011,7.8,0.1,226,,0,0,0.021,48,-48,2335
66,2026-07-09 10:45,SHORT,4100.81,4120.8,4060.83,19.99,LOSS,-1.013,1.8,0.1,200,,0,0,0.023,46,-47,2288
67,2026-07-14 15:50,SHORT,4067.12,4110.77,3979.81,43.65,WIN,1.994,45.2,0.1,436,,0,0,0.01,44,87,2375
68,2026-07-17 17:30,SHORT,4012.52,4027.76,3982.05,15.24,LOSS,-1.016,57.2,0.1,152,,0,0,0.031,47,-48,2327
69,2026-07-20 12:00,SHORT,4014.38,4046.42,3950.31,32.04,LOSS,-1.008,15.4,0.1,320,,0,0,0.015,48,-48,2279
70,2026-07-23 09:00,LONG,4098.95,4082.39,4132.07,16.56,LOSS,-1.015,2.3,0.1,166,,0,0,0.028,46,-47,2232
71,2026-07-27 16:05,LONG,4084.41,4061.5,4130.23,22.91,LOSS,-1.011,8.2,0.1,229,,0,0,0.019,44,-44,2188
72,2026-08-04 08:55,SHORT,4055.17,4076.39,4012.74,21.22,LOSS,-1.012,2.8,0.1,212,,0,0,0.021,45,-45,2143
73,2026-08-06 17:50,LONG,4246.94,4219.29,4302.24,27.65,WIN,1.991,14.7,0.1,276,,0,0,0.015,41,83,2225
74,2026-08-13 09:15,LONG,4380.34,4360.12,4420.78,20.22,LOSS,-1.012,5.2,0.1,202,,0,0,0.022,44,-45,2180
75,2026-08-18 13:35,LONG,4402.72,4368.61,4470.95,34.11,LOSS,-1.007,1.3,0.1,341,,0,0,0.013,44,-45,2136
76,2026-08-20 13:40,LONG,4486.75,4442.85,4574.56,43.91,WIN,1.994,18.7,0.1,439,,0,0,0.01,44,88,2223
77,2026-08-25 15:20,LONG,4640.77,4598.11,4726.08,42.65,LOSS,-1.006,21.9,0.1,426,,0,0,0.01,43,-43,2180
78,2026-08-28 14:00,SHORT,4577.37,4642.8,4446.52,65.43,WIN,1.996,4.7,0.1,654,,0,0,0.007,46,91,2272
79,2026-09-04 15:10,LONG,4443.16,4354.73,4620.02,88.43,LOSS,-1.003,101.6,0.1,884,,0,0,0.005,44,-44,2227
80,2026-09-09 15:00,SHORT,4395.14,4443.81,4297.8,48.67,WIN,1.995,45.5,0.1,487,,0,0,0.009,44,87,2315
81,2026-09-11 15:05,SHORT,4363.23,4411.13,4267.44,47.9,WIN,1.995,69.8,0.1,479,,0,0,0.01,48,96,2410
82,2026-09-16 14:00,SHORT,4328.48,4367.02,4251.4,38.54,LOSS,-1.006,4.0,0.1,385,,0,0,0.013,50,-50,2360
